sample_id,sample_date,gage_ht,temp,p_h,cond,cl,no3_n,so4_s,na,k,mg,ca,nh4_n,po4_p,doc,dic,tdn,tdp,si_o2,don,tss
QS,1987-01-05,2.82,20,7.22,48.2,7.3,97,0.52,4.75,0.18,1.5,2.46,14,NA,0.72,3.37,NA,NA,11.8,NA,2.3
QS,1987-01-13,2.66,20,7.34,49.8,7.5,114,0.73,4.81,0.19,1.58,6.53,20,NA,0.74,3.35,NA,NA,12.2,NA,0.72
QS,1987-01-20,2.61,20,7.12,50.3,7.5,115,NA,5.19,0.2,1.66,2.6,25,NA,0.69,4.42,NA,NA,12.5,NA,1.05
QS,1987-01-27,2.58,20,7.19,50.4,7.3,117,NA,5.08,0.18,1.64,2.67,30,NA,0.62,3.3,NA,NA,12.4,NA,1.05
QS,1987-02-03,2.8,20,7.36,49.6,7.3,103,0.85,4.86,0.17,1.49,2.39,25,NA,0.75,5.03,NA,NA,10.9,NA,1.6
QS,1987-02-10,2.63,20,7.19,53.3,7.2,110,NA,5.11,0.18,1.59,2.55,30,NA,0.61,4.18,NA,NA,12.2,NA,1.32
QS,1987-02-17,2.84,20,NA,43.7,7,94,NA,4.8,0.17,1.44,2.33,7,NA,1.78,2.4,NA,NA,11.1,NA,1.23
QS,1987-02-24,2.68,19,6.93,48.4,7.3,90,NA,5.08,0.18,1.6,2.48,6,NA,1.85,2.9,NA,NA,12.5,NA,1.18
QS,1987-03-03,2.76,20,7.02,48.4,7.6,86,NA,4.9,0.2,1.64,2.55,NA,NA,1.49,2.46,NA,NA,11.8,NA,1.2
QS,1987-03-10,2.64,20,7.17,49.9,7.3,97,NA,4.89,0.2,1.51,2.81,NA,NA,1.29,3.34,NA,NA,12.3,NA,0.96
QS,1987-03-17,6,19,6.42,20.5,3.7,218,NA,2.43,0.19,0.55,0.86,NA,NA,4.97,0.61,NA,NA,NA,NA,12.2
QS,1987-03-24,2.8,21,7.03,48.7,7.3,71,NA,4.97,0.25,1.47,2.42,NA,NA,1.32,3.77,NA,NA,12.6,NA,1.09
QS,1987-03-31,2.7,20,7.09,50.9,7.4,83,NA,5.04,0.22,1.56,2.62,NA,NA,1.25,3.95,NA,NA,13.6,NA,0.83
QS,1987-04-07,2.7,21,7.02,50.5,7.4,80,NA,5.02,0.24,1.66,2.63,NA,NA,2.31,4.17,NA,NA,13.3,NA,1.55
QS,1987-04-14,4.2,21,6.86,35.5,6.1,106,NA,3.83,0.21,0.99,1.65,7,NA,3.43,1.56,NA,NA,6.5,NA,2.93
QS,1987-04-21,2.9,22,6.96,48.5,7.2,69,NA,4.93,0.27,1.48,2.36,11,NA,1.54,4.18,NA,NA,12.9,NA,0.71
QS,1987-04-28,2.7,22,6.9,51.8,7.3,80,NA,5.27,0.24,1.61,2.54,45,NA,NA,4.37,NA,NA,14,NA,1.5
QS,1987-05-05,2.74,22,6.83,51.7,7.1,116,NA,4.95,0.23,1.61,2.64,109,NA,2.07,3.64,NA,NA,12.6,NA,16.05
QS,1987-05-12,4.2,21,6.24,37,NA,246,NA,3.17,0.14,1,1.51,14,NA,3.73,1.37,NA,NA,NA,NA,5.5
QS,1987-05-19,3.86,22,6.63,33.9,NA,104,NA,3.5,0.14,0.93,1.43,17,NA,2.76,1.68,NA,NA,NA,NA,4.05
QS,1987-05-26,3.56,23,6.71,37.1,5.5,78,NA,3.79,0.22,1.04,1.74,16,NA,1.94,2.18,NA,NA,9,NA,2.43
QS,1987-06-02,2.68,NA,6.86,44,6.1,68,NA,4.37,0.22,1.22,2.37,NA,NA,2.84,1.84,NA,NA,11.5,NA,2
QS,1987-06-09,2.86,22,7.3,49.3,7.58,31,NA,4.83,0.26,1.42,2.43,14,NA,1.17,2.95,NA,NA,12.6,NA,1.35
QS,1987-06-16,3.5,22,6.77,40.1,6.1,106,NA,4.06,0.21,1.12,1.99,8,NA,2.37,2.07,NA,NA,7.9,NA,2.8
QS,1987-06-23,3.52,21,6.74,31.7,5.4,80,NA,3.81,0.16,1.04,1.8,13,NA,1.7,1.78,NA,NA,9,NA,2.3
QS,1987-06-30,3.36,22,6.71,42.1,6.1,72,0.54,4.24,0.21,1.22,2.03,71,NA,2.41,2.68,NA,NA,10.4,NA,2.43
QS,1987-07-07,3.56,21,6.54,39.8,5.9,80,NA,8.77,0.2,1.08,2.01,100,NA,2.79,2,NA,NA,8.6,NA,4.8
QS,1987-07-14,2.76,23,6.71,46.4,6.6,82,NA,4.63,0.21,1.38,2.39,27,NA,1.35,2.72,NA,NA,12.2,NA,1.25
QS,1987-07-21,3.4,21.5,7.14,46.1,6.3,124,NA,4.44,0.2,1.31,2.27,20,NA,1.2,2.2,NA,NA,11.8,NA,5.65
QS,1987-07-28,3,22.5,6.06,45,6.2,176,0.59,4.32,0.2,1.2,2.34,44,NA,NA,1.54,NA,NA,9,NA,4
QS,1987-08-04,3.15,NA,6.24,40.2,6.1,123,0.42,3.99,0.22,1.17,1.95,20,NA,NA,NA,NA,NA,8.6,NA,2.63
QS,1987-08-11,2.58,23,6.54,50,6.6,80,NA,4.78,0.21,1.53,2.43,18,NA,NA,2.86,NA,NA,11.8,NA,1.17
QS,1987-08-18,2.6,22.5,6.32,46.8,6.6,80,NA,4.73,0.25,1.54,2.41,34,NA,NA,2.28,NA,NA,11.8,NA,1.24
QS,1987-08-25,2.72,23,6.31,46.2,6.5,84,NA,4.65,0.21,1.47,2.52,29,NA,NA,3.18,NA,NA,11.8,NA,1.18
QS,1987-09-01,2.94,22,6.4,41.3,6.4,96,NA,4.23,0.25,1.24,2.18,45,NA,NA,3,NA,NA,9.7,NA,1.4
QS,1987-09-08,2.64,22,6.25,47,7.2,99,0.46,4.73,0.24,1.49,2.54,28,NA,NA,3.39,NA,NA,12.1,NA,1.03
QS,1987-09-15,2.96,22.5,7.17,46.2,7,88,NA,4.56,0.24,1.46,2.44,19,NA,NA,3.29,NA,NA,12.1,NA,1.1
QS,1987-09-22,3.36,22,6.4,40.8,6.3,86,NA,4.17,0.21,1.27,2.11,18,NA,NA,3.44,NA,NA,10.7,NA,4.73
QS,1987-09-29,3.52,22,6.31,35.1,5.07,237,NA,3.69,0.23,1.05,1.8,12,NA,NA,2.11,NA,NA,6.8,NA,7.2
QS,1987-10-06,2.79,22,6.46,43.4,6.62,96,NA,4.43,0.21,1.36,2.21,15,NA,NA,3.35,NA,NA,11.5,NA,0.57
QS,1987-10-13,2.52,24,6.68,50.4,7.3,111,1.49,4.93,0.23,1.6,2.44,14,NA,NA,4.87,NA,NA,13,NA,0.83
QS,1987-10-20,2.84,23,6.46,43,6.25,100,0.61,4.2,0.22,1.33,2.09,9,NA,NA,3.25,NA,NA,10.8,NA,0.99
QS,1987-10-27,2.8,22,6.32,42.2,6.7,92,0.67,4.11,0.24,1.24,2.19,10,NA,NA,3.45,NA,NA,11,NA,1.1
QS,1987-11-03,2.62,22,6.61,47.7,7.1,103,0.59,4.61,0.24,1.57,2.51,31,NA,NA,3.87,NA,NA,12.8,NA,0.73
QS,1987-11-10,2.68,22,6.9,43.2,6.68,99,0.69,4.47,0.24,1.56,2.4,9,NA,NA,3.77,NA,NA,12.5,NA,0.89
QS,1987-11-17,3.55,21.5,6.41,39.3,5.89,182,0.7,3.81,0.26,1.26,2.06,24,NA,NA,3,NA,NA,8,NA,4.75
QS,1987-11-24,3.76,21,6.37,32.6,NA,NA,0.62,3.45,0.23,0.93,1.46,10,NA,NA,1.65,NA,NA,NA,NA,3.3
QS,1987-12-01,3.42,21,6.93,40.4,7.04,75,0.54,4.23,0.23,1.23,1.83,12,NA,NA,2.68,NA,NA,10.8,NA,0.83
QS,1987-12-15,4.65,21,7.01,33.5,5.9,129,0.65,3.58,0.21,1.02,1.61,20,NA,NA,1.75,NA,NA,8.8,NA,18.1
QS,1987-12-22,4.12,20,7.04,36.2,6.29,99,NA,3.68,0.23,1.03,1.55,21,NA,NA,1.48,NA,NA,7.6,NA,NA
QS,1987-12-29,3.72,21,7.33,39.9,7.1,107,0.74,4.09,0.25,1.23,1.95,16,NA,NA,NA,NA,NA,10.1,NA,1.47
QS,1988-01-05,3.84,NA,7.22,42.3,8.3,114,0.57,4.41,0.27,1.25,1.97,15,NA,NA,NA,NA,NA,10.1,NA,0.86
QS,1988-01-12,3.7,21,7.14,42.8,7.68,109,0.53,4.38,0.25,1.3,1.99,17,NA,NA,2.89,NA,NA,9.5,NA,1.07
QS,1988-01-19,3.86,19,6.96,45.5,9.6,121,NA,4.65,0.26,1.35,2.14,28,NA,NA,2.86,NA,NA,8.5,NA,1.6
QS,1988-01-26,3.5,20,6.96,47,8.7,116,0.61,4.65,0.26,1.45,2.25,NA,NA,NA,3.65,NA,NA,10.7,NA,0.91
QS,1988-02-02,5.4,19.5,6.2,41.5,10.1,73,NA,4.76,0.33,1.04,1.55,104,NA,NA,1.63,NA,NA,4.3,NA,8.7
QS,1988-02-09,4.06,20,6.39,49.9,13.18,87,0.61,4.65,0.26,1.26,2.08,24,NA,NA,1.83,NA,NA,NA,NA,2.61
QS,1988-02-16,3.72,20,7.33,49.7,8.1,101,NA,4.46,0.26,1.27,1.93,16,NA,NA,1.93,NA,NA,8.9,NA,1.7
QS,1988-02-23,3.59,19.5,6.45,44.7,7.85,215,0.64,4.39,0.2,1.41,2.1,28,NA,NA,2.13,NA,NA,NA,NA,1.54
QS,1988-03-01,3.5,18.5,6.47,52.4,7.71,153,0.59,4.53,0.21,1.36,2.04,20,NA,NA,2.73,NA,NA,11,NA,0.89
QS,1988-03-08,3.16,19,6.86,52,7.91,161,0.47,4.67,0.2,1.35,2.05,18,NA,NA,3.12,NA,NA,12.5,NA,0.79
QS,1988-03-15,2.98,20,7.07,57.7,7.72,165,0.61,4.8,0.18,1.51,2.32,18,NA,NA,3.67,NA,NA,12.9,NA,1.26
QS,1988-03-21,3.15,20,7.07,59.5,8.62,184,NA,5.2,0.22,1.52,2.34,15,NA,NA,3.17,NA,NA,11.8,NA,1.26
QS,1988-03-29,4.3,19.5,6.71,39.4,8.21,107,0.52,4.13,0.16,0.99,1.47,31,NA,NA,NA,NA,NA,5.6,NA,NA
QS,1988-04-05,3.36,20,7.12,50.7,8.45,96,NA,4.97,0.26,1.35,2.01,15,NA,NA,4.36,NA,NA,11.3,NA,1.2
QS,1988-04-12,2.9,22,7.23,53,7.82,103,0.62,5.01,0.17,1.47,2.24,21,NA,NA,6.55,NA,NA,NA,NA,1.38
QS,1988-04-19,3.5,20,7.17,47.2,7,106,0.75,4.63,0.27,1.31,2.49,22,NA,NA,NA,NA,NA,9.2,NA,2.07
QS,1988-04-26,3.9,22,7.19,42,7.11,117,0.74,4.19,0.18,1.14,1.81,30,NA,NA,2.48,0.09,NA,NA,NA,3.7
QS,1988-05-03,3.04,22.5,7.14,49.7,7.41,95,0.63,4.7,0.2,1.24,2.14,63,NA,NA,2.49,0.07,NA,NA,NA,1.14
QS,1988-05-10,2,22,7.14,51.9,7.34,100,0.66,5.1,0.23,1.45,2.18,55,NA,NA,2.71,0.11,NA,NA,NA,1.05
QS,1988-05-17,3.5,22,7.18,45.1,7,89,0.43,3.49,0.19,0.94,0.83,78,NA,NA,2.46,0.11,NA,NA,NA,1.03
QS,1988-05-24,NA,NA,7.04,48.5,7.24,88,0.68,4.76,0.18,0.97,0.9,84,NA,NA,3.53,0.08,NA,NA,NA,0.73
QS,1988-05-31,3.2,NA,7.26,50.2,7.37,82,0.61,4.64,0.23,1.4,1.99,117,NA,NA,4.24,NA,NA,NA,NA,1
QS,1988-06-07,2.98,23,7.04,52.7,7.53,115,0.64,5.06,0.26,1.52,2.12,78,NA,NA,NA,0.1,NA,NA,NA,1.42
QS,1988-06-14,3.57,23,6.94,47.5,7.37,NA,0.82,4.47,0.28,1.52,2.05,123,NA,NA,NA,0.11,NA,NA,NA,8.96
QS,1988-06-21,3.84,22,6.82,38.9,6.4,NA,0.67,3.6,0.21,0.56,0.95,NA,NA,NA,2.04,0.18,NA,NA,NA,3
QS,1988-06-28,3.24,23,7.35,48.6,NA,NA,0.67,4.56,0.17,1.39,2.12,NA,NA,NA,NA,NA,NA,NA,NA,1
QS,1988-07-05,3.34,23,6.87,46.5,NA,NA,0.69,4,0.15,1.36,1.99,NA,NA,NA,3.71,0.11,NA,NA,NA,0.88
QS,1988-07-12,3.67,23,6.75,43.9,7.75,NA,0.59,4.3,0.18,1.25,1.76,NA,NA,NA,3.91,0.19,NA,NA,NA,1.29
QS,1988-07-19,4.5,22,7.13,36.9,6.51,NA,NA,3.73,0.23,0.99,1.41,21,NA,NA,2.02,NA,NA,NA,NA,4.22
QS,1988-07-26,4.08,NA,6.78,39.7,NA,59,NA,4.1,0.15,1.13,1.75,NA,NA,NA,NA,NA,NA,NA,NA,4.2
QS,1988-08-02,3.6,22,6.67,42.5,7.57,NA,0.5,4.35,0.25,1.29,1.8,15,NA,NA,NA,NA,NA,NA,NA,1.35
QS,1988-08-09,3.57,23,7.23,46.2,7.36,NA,NA,4.38,0.22,1.32,1.83,NA,NA,NA,7.45,NA,NA,NA,NA,1.33
QS,1988-08-16,3.52,NA,7.35,78.2,7.38,NA,NA,NA,NA,NA,NA,13,NA,NA,4.37,NA,NA,NA,NA,1.12
QS,1988-08-23,3.64,22,7.16,42.1,NA,81,NA,4.3,0.17,1.21,1.82,NA,NA,NA,2.78,NA,NA,NA,NA,0.87
QS,1988-08-30,3.87,23,6.93,41.5,NA,72,NA,4.19,0.15,1.15,1.83,NA,NA,NA,3.21,0.13,NA,NA,NA,4.25
QS,1988-09-06,3.37,23,6.83,49.2,NA,92,NA,4.81,0.13,1.4,2.09,NA,NA,NA,2.53,0.3,NA,NA,NA,0.76
QS,1988-09-13,4.17,22,6.59,40.2,NA,71,0.5,3.58,0.17,0.89,1.45,8,NA,NA,2.76,0.24,NA,NA,0.16,1.8
QS,1988-09-20,3.68,22,6.96,41.6,NA,91,0.59,4.13,0.15,1.16,1.65,NA,NA,NA,3.18,0.12,NA,NA,NA,NA
QS,1988-09-27,3.12,23,6.49,49,NA,113,0.53,4.87,0.18,1.42,2.01,NA,NA,NA,NA,0.21,NA,NA,0.09,NA
QS,1988-10-04,NA,NA,NA,NA,NA,112,0.65,4.07,0.14,0.98,1.43,49,NA,NA,NA,0.27,NA,NA,0.11,NA
QS,1988-10-11,NA,NA,NA,NA,NA,102,0.47,4.3,0.16,1.29,1.94,49,NA,NA,NA,NA,NA,NA,NA,NA
QS,1988-10-18,NA,NA,NA,NA,NA,95,0.66,NA,NA,NA,NA,85,NA,NA,NA,NA,NA,NA,NA,NA
QS,1988-10-25,3.42,21,7.28,40.6,6.67,98,0.42,4.47,0.29,1.23,2.26,NA,NA,NA,NA,0.26,NA,NA,NA,0.81
QS,1988-11-01,3.6,21,6.9,44.5,6.8,97,0.57,4.37,0.24,1.28,2.2,NA,NA,NA,NA,0.21,NA,NA,NA,1.26
QS,1988-11-07,3.29,22,6.93,46.3,6.94,94,0.44,4.51,0.25,1.36,2.37,NA,NA,NA,NA,0.28,NA,NA,NA,0.16
QS,1988-11-15,3.5,21,6.89,43.9,6.33,98,0.33,4.15,0.31,1.05,2.09,NA,NA,NA,NA,0.26,NA,NA,NA,0.39
QS,1988-11-22,3.68,20,6.76,43.5,NA,85,0.53,4.03,0.23,1.19,2.13,NA,NA,NA,NA,0.25,NA,NA,NA,0.29
QS,1988-11-29,3.3,19,6.8,47.3,NA,92,0.73,4.61,0.23,NA,2.36,NA,NA,NA,NA,0.24,NA,NA,NA,NA
QS,1988-12-06,3.27,18.5,7.08,44.1,NA,100,0.59,4.57,0.22,1.31,2.36,NA,NA,NA,NA,0.26,NA,NA,NA,NA
QS,1988-12-13,3.36,20,7.27,46.3,NA,98,0.67,4.6,0.24,1.35,2.42,NA,NA,NA,NA,0.26,NA,NA,NA,NA
QS,1988-12-20,3.29,19.5,7.27,46.3,NA,108,0.57,4.72,0.34,1.33,2.36,NA,NA,NA,NA,NA,NA,NA,NA,NA
QS,1988-12-27,3.64,20,7.17,43,NA,97,0.25,4.46,0.28,1.18,2.11,NA,NA,NA,NA,0.35,NA,NA,NA,NA
QS,1989-01-03,3.5,20,7.1,48,NA,76,0.25,4.62,0.28,1.3,2.3,NA,NA,NA,NA,0.26,NA,NA,NA,NA
QS,1989-01-10,4.58,18.8,6.64,38.3,NA,79,0.28,4.41,0.29,1,1.83,NA,NA,NA,NA,0.22,NA,NA,NA,NA
QS,1989-01-17,NA,19,6.68,48,NA,74,0.55,4.78,0.29,1.28,2.28,NA,NA,NA,NA,0.22,NA,NA,NA,NA
QS,1989-01-24,3.4,19,6.66,49.2,NA,108,0.44,4.78,0.33,1.35,2.38,NA,NA,NA,NA,0.27,NA,NA,NA,1.63
QS,1989-01-31,3.28,19.5,6.69,48.7,NA,115,0.47,4.47,0.35,1.37,2.45,NA,NA,NA,NA,0.32,NA,NA,NA,0.1
QS,1989-02-07,3.4,19.5,7.024,50.1,NA,109,0.28,4.46,0.31,1.4,4.34,NA,NA,NA,NA,0.27,NA,NA,NA,NA
QS,1989-02-14,3.44,18,6.8,50.1,NA,117,0.41,4.64,0.28,1.39,2.46,NA,NA,NA,NA,0.25,NA,NA,NA,NA
QS,1989-02-21,3.62,19,6.91,46.4,NA,108,0.61,4.42,0.32,1.25,2.27,NA,NA,0.78,NA,0.21,NA,NA,NA,NA
QS,1989-02-28,3.7,18.5,6.84,44,NA,87,0.49,4.24,0.27,1.22,2.15,NA,NA,1.21,NA,0.23,NA,NA,NA,NA
QS,1989-03-07,3.46,19,6.71,52.6,NA,102,0.28,4.61,0.32,1.42,2.5,NA,NA,1.26,NA,0.28,NA,NA,NA,1.78
QS,1989-03-14,3.74,19,6.81,46,7.23,NA,0.51,4.35,0.26,1.28,2.3,NA,NA,NA,NA,NA,NA,4.22,NA,NA
QS,1989-03-21,3.42,18.5,6.77,48.2,7.14,107,0.5,4.48,0.24,1.37,2.18,NA,NA,NA,NA,0.32,NA,4.93,NA,NA
QS,1989-03-28,3.22,19,6.72,50.9,7.39,115,0.55,4.63,0.27,1.45,2.33,NA,NA,NA,NA,0.33,NA,5.3,NA,NA
QS,1989-04-04,3.34,19,6.65,43.2,NA,88,0.52,4.07,0.24,1.13,1.65,NA,NA,NA,NA,0.26,NA,NA,NA,2.31
QS,1989-04-11,3.4,19,6.72,44.4,8.1,88,0.5,4.19,0.25,1.11,2.06,NA,NA,NA,NA,0.55,NA,6.5,NA,1.96
QS,1989-04-18,NA,19,6.7,48.7,9.1,76,0.54,4.6,0.17,1.27,2.34,NA,NA,NA,NA,0.12,NA,10.2,NA,NA
QS,1989-04-25,2.82,21,6.63,53.3,6.3,117,0.57,4.82,0.29,1.39,2.49,NA,NA,NA,NA,0.17,NA,0.6,NA,1.9
QS,1989-05-02,3.25,21,6.78,49.8,14.5,101,0.74,4.83,0.32,1.04,2.48,NA,NA,NA,NA,0.19,NA,10.5,NA,NA
QS,1989-05-09,2.9,20.5,6.8,NA,11,94,0.32,4.6,0.31,1.26,2.25,NA,NA,NA,NA,0.12,NA,9.94,NA,6.24
QS,1989-05-16,2.8,22,6.56,54,NA,82,0.71,4.66,0.31,1.34,2.32,NA,NA,NA,NA,0.12,NA,11.73,NA,2
QS,1989-05-23,2.6,21,6.6,43.3,NA,113,0.74,4.94,0.33,1.46,2.51,NA,NA,NA,NA,0.3,NA,13.34,NA,NA
QS,1989-05-30,NA,NA,6.52,37.5,NA,73,0.78,4.31,0.29,1.21,2.05,NA,NA,NA,NA,0.23,NA,10.16,NA,0.28
QS,1989-06-06,3.58,21,7.35,37.9,NA,82,0.68,4.22,0.26,1.19,1.88,NA,NA,NA,NA,NA,NA,NA,NA,NA
QS,1989-06-13,3.25,17.5,7.06,43.3,NA,NA,NA,4.66,0.26,1.43,2.05,NA,NA,NA,NA,NA,NA,NA,NA,0.42
QS,1989-06-20,3.36,21.5,6.74,40.8,NA,79,NA,4.46,0.29,1.38,2.1,NA,NA,NA,NA,NA,NA,11.44,NA,2.33
QS,1989-06-27,3.18,22,7.14,46.6,NA,57,NA,4.82,0.27,1.62,2.51,NA,NA,NA,NA,NA,NA,11.91,NA,0.07
QS,1989-07-05,NA,NA,6.75,38,7.56,NA,NA,NA,0.35,1.11,1.92,NA,NA,NA,NA,0.31,NA,10.26,NA,NA
QS,1989-07-11,3.45,22,7.33,40.6,NA,58,0.2,4.55,0.37,1.23,2.03,NA,NA,NA,NA,0.32,NA,NA,NA,NA
QS,1989-07-18,3.76,21.5,6.93,36.5,NA,23,NA,4.26,0.34,1.11,1.62,NA,NA,NA,NA,0.55,NA,37.6,NA,NA
QS,1989-07-26,3.48,22,7.12,41.1,NA,NA,NA,4.53,0.28,1.17,2.05,NA,NA,NA,NA,0.25,NA,NA,NA,NA
QS,1989-08-01,3.82,22,6.53,36.9,NA,37,NA,4.29,0.31,1.11,1.96,NA,NA,NA,NA,0.36,NA,34.36,NA,NA
QS,1989-08-08,3.26,22,6.92,41.7,NA,77,NA,4.76,0.32,1.37,2.31,NA,NA,NA,NA,NA,NA,11.7,NA,NA
QS,1989-08-15,3.46,22,7.09,39.2,NA,82,NA,4.44,0.29,1.35,2.03,NA,NA,NA,NA,NA,NA,10.98,NA,NA
QS,1989-08-22,4.24,21.5,6.42,47.2,NA,74,NA,4.07,0.29,1.14,1.89,NA,NA,NA,NA,NA,NA,9.05,NA,1.25
QS,1989-08-29,4.9,21,6.3,29.9,NA,74,NA,3.4,0.27,0.93,1.53,NA,NA,NA,NA,0.32,NA,6.32,NA,NA
QS,1989-09-05,3.46,23,6.68,33.4,NA,6,NA,4,0.27,1.29,2.15,NA,NA,NA,NA,NA,NA,11.46,NA,0.68
QS,1989-09-12,4.45,22,7.03,42.7,NA,47,NA,3.55,0.27,1.07,1.66,NA,NA,NA,NA,0.19,NA,8.02,NA,2
QS,1989-09-26,3.9,21,6.61,56.6,NA,NA,0.8,5.36,0.61,1.39,2.35,NA,NA,NA,NA,NA,NA,9.62,NA,1.24
QS,1989-10-03,3.54,22,7.09,48,NA,37,0.47,5.24,0.47,1.44,2.43,NA,NA,NA,NA,NA,NA,12.33,NA,0.6
QS,1989-10-10,3.42,22,6.996,59,NA,77,0.7,5.41,0.46,1.64,2.69,NA,NA,NA,NA,NA,NA,NA,NA,3.15
QS,1989-10-17,3.38,19.5,7.358,NA,7.9,135,0.87,6.05,0.63,1.8,2.93,NA,NA,NA,NA,NA,NA,NA,NA,NA
QS,1989-10-24,NA,NA,6.953,63.5,9.01,184,0.83,5.17,0.61,1.68,2.87,NA,NA,NA,NA,NA,NA,NA,NA,2.52
QS,1989-10-31,3.18,22,7.09,67,5.54,212,0.93,5.99,0.63,1.91,2.61,NA,NA,NA,NA,NA,NA,NA,NA,NA
QS,1989-11-07,NA,NA,NA,NA,NA,297,1.1,5.75,0.81,1.61,2.47,NA,NA,NA,NA,NA,NA,NA,NA,NA
QS,1989-11-14,3.6,21,6.584,62,NA,301,0.9,5.18,0.78,1.52,2.4,NA,NA,NA,NA,NA,NA,NA,NA,NA
QS,1989-11-21,NA,NA,NA,NA,NA,198,0.73,6.03,0.61,1.56,2.47,NA,NA,NA,NA,NA,NA,NA,NA,NA
QS,1989-11-28,3,21,7.102,73,7.11,183,0.63,4.62,0.5,1.77,2.78,NA,NA,NA,NA,NA,NA,15.96,NA,1.1
QS,1989-12-05,2.78,20,7.29,63.5,7.75,180,0.63,4.48,0.42,1.79,2.87,NA,NA,NA,NA,NA,NA,19.84,NA,2.5
QS,1989-12-12,3.18,21.5,6.14,47.8,6.69,209,NA,4.56,0.44,1.84,2.99,NA,NA,NA,NA,NA,NA,14.13,NA,NA
QS,1989-12-19,2.3,21,6.35,48.9,NA,212,NA,4.66,0.43,1.84,3.18,NA,NA,NA,NA,NA,NA,NA,NA,NA
QS,1989-12-26,2.26,21,7.29,51.3,NA,20,NA,4.65,0.46,1.91,3.02,NA,NA,NA,NA,NA,NA,NA,NA,NA
QS,1990-01-02,3.86,21,6.66,58.8,NA,NA,0.53,5.32,0.83,1.71,2.68,NA,NA,NA,NA,NA,NA,29.15,NA,NA
QS,1990-01-09,2.9,19,6.5,49.2,NA,NA,NA,7.2,0.45,3.28,5.9,NA,NA,NA,NA,NA,NA,NA,NA,NA
QS,1990-01-16,3.34,20,6.36,52.5,NA,267,1.43,4.85,0.57,1.85,2.94,NA,NA,NA,NA,0.58,NA,22.68,NA,NA
QS,1990-01-23,3.27,19.5,6.71,44.7,9,73,0.58,4.56,0.57,1.55,2.39,NA,NA,NA,NA,0.41,NA,4.75,NA,1.56
QS,1990-01-25,4.7,20,6.26,46.8,7.14,523,NA,4.7,0.72,1.35,2.21,NA,NA,NA,NA,0.74,NA,4.92,NA,NA
QS,1990-01-30,3.35,19.5,6.85,48.4,7.21,249,1.01,4.92,0.62,1.62,2.61,NA,NA,NA,NA,0.47,NA,14.1,NA,NA
QS,1990-02-06,3.05,19,6.34,68.6,NA,233,0.4,5.8,0.58,1.63,2.7,NA,NA,NA,NA,0.37,NA,NA,NA,NA
QS,1990-02-13,3.1,20,6.69,61.7,10.16,271,0.4,5.24,0.69,3.48,NA,NA,NA,NA,NA,0.48,NA,6.06,NA,NA
QS,1990-02-14,5.1,19,6.09,45.9,11.05,195,0.7,5.18,1.11,1.22,1.9,NA,NA,NA,NA,NA,NA,1.98,NA,NA
QS,1990-02-20,3.48,20,6.43,49.2,12.57,161,0.33,5.35,0.76,1.64,2.59,NA,NA,NA,NA,NA,NA,5.64,NA,NA
QS,1990-02-27,3.45,19.5,6.9,50,9.55,283,0.37,5.58,0.79,1.65,2.61,NA,NA,NA,NA,NA,NA,4.93,NA,NA
QS,1990-03-06,3.14,20,7.28,60.1,8.36,211,0.33,5.18,0.65,1.63,2.68,NA,NA,NA,NA,0.26,NA,5.7,NA,NA
QS,1990-03-13,5.8,20,6.46,36.4,NA,16,NA,5.36,0.85,1.73,2.19,NA,NA,NA,NA,0.09,NA,3.83,NA,NA
QS,1990-03-20,3.68,21,6.7,53.7,8.29,587,0.66,5.11,0.7,1.44,2.28,NA,NA,NA,NA,0.31,NA,5.28,NA,NA
QS,1990-03-27,NA,NA,NA,NA,9.03,385,0.82,5.01,0.7,1.43,2.32,NA,NA,NA,NA,0.32,NA,3.51,NA,NA
QS,1990-04-03,3.56,NA,7.02,59.3,NA,NA,NA,4.97,0.59,1.59,2.47,NA,NA,1.49,NA,NA,NA,NA,NA,NA
QS,1990-04-10,3.76,20.5,7.06,56.1,NA,42,0.58,5.08,0.59,1.48,2.34,NA,NA,1.07,NA,0.73,NA,NA,NA,3.5
QS,1990-04-17,3.44,NA,6.92,63,NA,295,0.86,4.97,0.69,1.56,2.43,NA,NA,1.86,NA,1.06,NA,NA,NA,0.98
QS,1990-04-24,NA,NA,NA,NA,NA,280,0.8,4.82,0.61,1.57,2.45,NA,NA,1.28,NA,NA,NA,NA,NA,0.62
QS,1990-04-25,NA,NA,NA,NA,NA,631,0.75,3.41,0.96,0.59,0.9,NA,NA,6.15,NA,NA,NA,NA,NA,NA
QS,1990-05-01,3.38,20.5,7.03,53.9,NA,77,NA,4.8,0.63,1.47,2.32,NA,NA,1.49,NA,0.7,NA,NA,NA,0.82
QS,1990-05-08,2.98,22,6.96,60.8,7.64,207,0.53,4.88,0.6,1.69,2.57,NA,NA,1.12,NA,0.92,NA,5.97,NA,0.68
QS,1990-05-10,NA,NA,NA,NA,8.45,299,NA,4.34,0.66,1.19,1.93,NA,NA,4.09,NA,0.78,NA,NA,NA,4.73
QS,1990-05-15,3.86,20.5,6.82,50.7,8.34,297,NA,4.35,0.66,1.17,1.96,NA,NA,3.56,NA,0.83,NA,NA,NA,2.47
QS,1990-05-22,2.98,22,6.69,60.1,8.04,200,NA,4.69,0.68,1.54,2.46,NA,NA,1.04,NA,0.5,NA,NA,NA,0.47
QS,1990-05-29,2.98,23,6.62,62.8,NA,215,0.68,4.86,0.6,1.51,2.41,NA,NA,2.04,NA,0.4,NA,NA,NA,1.15
QS,1990-06-05,4.72,22,7.02,46,7.43,213,0.6,4.52,0.63,1.22,2.05,NA,NA,3.15,NA,NA,NA,NA,NA,140.17
QS,1990-06-05,3.78,22,6.39,55.5,NA,247,0.58,4.65,0.62,1.28,2.18,NA,NA,NA,NA,NA,NA,NA,NA,3.09
QS,1990-06-12,3.11,23,6.92,55.6,8.02,243,0.57,4.9,0.63,1.36,2.27,NA,NA,1.18,NA,0.35,NA,NA,NA,0.34
QS,1990-06-19,2.98,22,6.96,55.9,8.69,203,0.59,4.92,0.62,1.55,2.47,NA,NA,1.27,NA,NA,NA,NA,NA,1.57
QS,1990-06-26,3.76,22,6.72,43.3,NA,309,0.69,4.26,0.6,1.16,2.31,NA,NA,3.76,NA,NA,NA,NA,NA,3.16
QS,1990-07-03,2.85,22,6.87,56.4,8.26,221,0.78,5.07,0.6,1.62,2.59,NA,NA,1.17,NA,0.52,NA,5.64,NA,0.3
QS,1990-07-06,NA,NA,NA,NA,6.31,390,1.24,3.95,0.66,0.99,1.95,NA,NA,5.79,NA,NA,NA,2.16,NA,NA
QS,1990-07-10,3.04,22,6.99,53.6,7.68,213,0.91,4.76,0.57,1.37,2.4,NA,NA,1.87,NA,0.6,NA,5.14,NA,0.5
QS,1990-07-17,3,23,6.99,57.4,10.74,190,0.79,4.92,0.59,1.65,2.61,NA,NA,1.48,NA,NA,NA,5.2,NA,0.73
QS,1990-07-24,3.88,22,6.8,43.6,NA,349,0.71,4.23,0.55,1.18,1.97,NA,NA,8.4,NA,NA,NA,NA,NA,8.33
QS,1990-07-31,2.8,22,6.99,56.4,NA,10,0.58,5.03,0.53,1.69,2.69,NA,5,1.57,NA,NA,NA,NA,NA,0.87
QS,1990-08-07,2.7,23,6.39,56.4,NA,199,0.58,5.12,0.56,1.88,2.75,NA,NA,1.48,NA,0.33,NA,NA,NA,0.49
QS,1990-08-14,3.12,22.5,6.67,48,NA,267,1.05,4.52,0.59,1.17,2.04,NA,NA,1.71,NA,0.45,NA,NA,NA,2.03
QS,1990-08-21,2.82,23,7.08,57.6,9.62,198,0.36,4.92,0.56,1.55,2.58,NA,52,1.79,NA,0.25,NA,5.74,NA,0.43
QS,1990-08-28,3.84,23.5,6.41,56.7,12.09,160,1.43,4.92,0.5,1.66,2.79,NA,NA,1.38,NA,NA,NA,NA,NA,1.16
QS,1990-09-04,2.9,23,7.168,54.4,NA,259,0.92,4.94,0.55,1.51,2.62,NA,NA,2.81,NA,NA,NA,NA,NA,0.57
QS,1990-09-11,2.54,23.5,7.43,55.6,NA,138,0.94,5.07,0.47,1.71,2.92,NA,NA,1.01,NA,0.29,NA,NA,NA,0.44
QS,1990-09-18,5.24,23,7.07,46,NA,139,0.75,4.34,0.48,1.36,2.39,NA,NA,3.47,NA,0.33,NA,NA,NA,0.66
QS,1990-09-25,2.8,22,7.01,55,3.28,145,0.76,4.81,0.47,1.44,2.61,NA,NA,11.1,NA,0.32,NA,NA,NA,1.01
QS,1990-10-02,2.82,23,7.18,51.8,6.22,136,0.65,4.71,0.42,1.37,2.49,NA,NA,5.64,NA,0.39,NA,NA,NA,1.18
QS,1990-10-09,3.08,23,7.14,54.3,7.08,221,0.94,4.68,0.49,1.18,2.29,NA,25,3.49,NA,NA,NA,NA,NA,0.99
QS,1990-10-16,2.8,22,7.15,55,7.24,153,0.76,4.99,0.48,1.63,2.2,NA,12,2.56,NA,0.34,NA,NA,NA,0.68
QS,1990-10-23,2.9,22,7.16,53.1,8.85,179,0.81,4.45,NA,NA,2.24,NA,NA,NA,NA,0.47,NA,NA,NA,0.82
QS,1990-10-30,4.4,22,7.02,42.6,NA,193,0.95,3.94,0.42,1.07,1.89,NA,NA,NA,NA,0.47,NA,NA,NA,11.51
QS,1990-11-06,2.92,22.5,7.24,53.3,NA,107,0.76,4.11,0.46,1.41,2.11,NA,18,NA,NA,0.61,NA,NA,NA,1.8
QS,1990-11-13,2.64,22,7.06,58.1,NA,106,0.76,4.51,0.45,1.67,2.65,NA,9,NA,NA,0.35,NA,NA,NA,0.98
QS,1990-11-20,2.64,21.5,7.09,63.6,NA,208,0.99,4.9,0.47,1.63,2.51,NA,NA,NA,NA,0.59,NA,NA,NA,1.05
QS,1990-11-27,3.28,22,7.12,52.1,NA,NA,0.72,4.57,0.52,1.47,2.17,NA,NA,NA,NA,0.49,NA,NA,NA,2.4
QS,1990-12-04,3.38,20.5,7.067,49.8,NA,263,0.57,4.32,0.4,1.24,1.86,NA,NA,NA,NA,0.38,NA,NA,NA,2.2
QS,1990-12-11,2.8,20,7.3,51.2,NA,180,0.93,4.71,0.34,1.53,2.52,NA,NA,NA,NA,0.33,NA,NA,NA,0.63
QS,1990-12-18,3.85,20.5,6.9,51.9,NA,178,0.76,4.5,0.29,1.51,2.43,NA,NA,NA,NA,0.25,NA,NA,NA,1.66
QS,1990-12-25,3.02,20,6.8,58.3,NA,152,0.95,4.77,0.41,1.56,2.5,NA,NA,NA,NA,0.27,NA,NA,NA,3.91
QS,1990-12-31,4.6,20,6.81,51.2,NA,184,0.86,4.44,0.55,1.08,1.72,NA,NA,NA,NA,0.61,NA,NA,NA,4.1
QS,1991-01-08,3.9,20,6.69,50.7,NA,225,0.9,4.68,0.42,1.27,2.11,NA,NA,NA,NA,0.37,NA,NA,NA,5.23
QS,1991-01-15,3.66,20,6.99,51.5,NA,NA,NA,1.8,0.37,1.5,2.49,NA,NA,NA,NA,0.28,NA,NA,NA,15.14
QS,1991-01-22,2.7,18.5,6.7,53.1,NA,NA,NA,3,0.37,1.55,2.57,NA,NA,NA,NA,0.21,NA,NA,NA,2.7
QS,1991-01-29,2.72,20,7.3,59.8,NA,242,1.85,2.8,0.34,1.59,2.91,NA,NA,NA,NA,0.17,NA,7.83,NA,1.8
QS,1991-02-05,2.7,20,6.82,55.3,NA,68,0.91,2.7,0.37,1.52,2.58,NA,NA,NA,NA,0.22,NA,8.73,NA,11.92
QS,1991-02-12,2.6,20,7.31,55.9,NA,173,NA,2.7,0.44,1.58,2.86,NA,NA,NA,NA,0.26,NA,NA,NA,3.01
QS,1991-02-19,3.7,21,6.85,42.9,NA,7,1.43,2.1,0.4,1.06,1.96,NA,NA,NA,NA,0.49,NA,NA,NA,10.55
QS,1991-02-26,3.12,21,7.16,52.7,NA,184,0.9,2.5,0.41,1.5,2.52,NA,NA,NA,NA,0.26,NA,NA,NA,4.06
QS,1991-03-05,3.04,19.5,6.23,50.9,NA,130,0.77,4.4,0.33,1.49,2.33,NA,NA,NA,NA,0.26,NA,NA,NA,1.66
QS,1991-03-12,2.9,19,7.18,53.1,NA,181,0.93,4.6,0.38,1.58,2.86,NA,NA,NA,NA,0.23,NA,NA,NA,1.77
QS,1991-03-19,3.24,19,6.96,54.5,NA,208,0.88,4.79,0.35,1.42,2.41,NA,NA,NA,NA,0.31,NA,NA,NA,NA
QS,1991-03-26,2.66,19.5,6.62,56.4,NA,175,0.78,7.33,0.42,1.44,2.43,NA,8,NA,NA,0.27,NA,NA,NA,NA
QS,1991-04-02,2.82,20,7.22,58.9,NA,183,0.9,4.99,0.39,1.64,2.76,NA,NA,NA,NA,0.31,NA,NA,NA,2.03
QS,1991-04-09,2.9,20,6.94,54.1,NA,88,NA,4.99,0.39,1.4,2.4,NA,NA,NA,NA,0.29,NA,NA,NA,0.37
QS,1991-04-15,3.4,21,7.08,54.9,NA,19,NA,5.04,0.48,1.31,2.26,NA,12,NA,NA,0.21,NA,NA,NA,5.5
QS,1991-04-23,2.6,22,6.95,58.6,NA,163,NA,5.21,0.52,1.6,2.4,NA,5,NA,NA,NA,NA,NA,NA,3.03
QS,1991-04-30,2.46,21,7.11,57.8,NA,156,NA,5.46,0.52,1.18,1.97,NA,8,NA,NA,NA,NA,NA,NA,2.9
QS,1991-05-07,2.98,21,7.24,49.2,NA,16,NA,4.69,0.42,1.69,2.22,NA,NA,NA,NA,NA,NA,NA,NA,6.5
QS,1991-05-14,2.86,21.5,7.06,52.8,NA,143,0.81,4.72,0.43,1.67,2.27,NA,NA,NA,NA,0.28,NA,NA,NA,4.55
QS,1991-05-21,2.85,21.5,6.54,54,NA,136,0.93,4.89,0.43,1.4,2.3,NA,NA,NA,NA,0.23,NA,NA,NA,4.36
QS,1991-05-28,2.78,21.5,6.28,51.1,NA,6,0.87,4.84,0.48,1.46,2.27,NA,NA,NA,NA,0.32,NA,NA,NA,3.75
QS,1991-06-04,2.55,22,7.23,60.8,NA,52,0.82,5.24,0.47,1.77,2.27,NA,NA,NA,NA,0.28,NA,NA,NA,4.03
QS,1991-06-11,5.2,22,6.8,50.1,7.56,102,NA,4.52,0.45,1.08,2.69,NA,NA,7.5,NA,0.3,NA,NA,NA,48.54
QS,1991-06-18,2.52,23.5,6.71,60.8,7.59,165,NA,5.23,0.5,1.61,2.27,NA,NA,NA,NA,0.32,NA,NA,NA,3.52
QS,1991-06-25,2.54,23,6.68,58.5,7.18,140,0.92,4.15,0.5,1.69,2.27,NA,NA,4.6,NA,0.34,NA,NA,NA,2.11
QS,1991-07-02,3,23,7.33,51.9,7.45,6,2.74,4.53,0.4,1.68,2.31,NA,NA,7.21,NA,0.33,NA,NA,NA,5.75
QS,1991-07-09,2.54,23,7.46,57.7,7.06,152,0.8,5,0.47,1.62,2.47,NA,NA,4.92,NA,0.36,NA,NA,NA,1.94
QS,1991-07-16,3.85,22,6.88,44.5,NA,NA,NA,0.45,0.45,1.61,2.75,NA,NA,8.7,NA,0.64,NA,NA,NA,NA
QS,1991-07-23,2.45,22.5,7.03,61.3,8.12,55,0.9,5.59,0.37,1.71,2.76,NA,NA,6.66,NA,0.37,NA,NA,NA,2.79
QS,1991-07-30,2.65,23.5,7.14,57.1,NA,63,0.84,5.51,0.36,1.54,2.59,NA,NA,7.07,NA,0.38,NA,NA,NA,3.18
QS,1991-08-06,2.42,23,7.02,57.5,NA,51,0.61,5.48,0.38,2.29,2.81,NA,NA,7.79,NA,NA,NA,NA,NA,3.73
QS,1991-08-13,2.57,23.5,7.12,61.4,8.09,86,0.95,5.52,0.41,2.36,2.91,NA,NA,6.8,NA,NA,NA,NA,NA,5.44
QS,1991-08-20,2.45,23,7.02,58.7,9.38,10,1.5,5.27,0.4,2.24,3.27,NA,NA,7.08,NA,NA,NA,NA,NA,5.1
QS,1991-08-27,3.35,22.5,6.95,49,8.94,131,0.75,4.89,0.45,1.48,2.41,NA,6,15.16,NA,NA,NA,11.51,NA,11.28
QS,1991-09-03,2.76,23.5,7.3,61,NA,13,0.47,5.12,0.45,1.6,3.38,NA,5,NA,NA,NA,NA,12.41,NA,3.07
QS,1991-09-10,NA,NA,6.99,56.3,NA,13,0.49,5.25,0.51,1.71,2.81,NA,NA,NA,NA,NA,NA,13.04,NA,5.25
QS,1991-09-17,3.51,22.5,7.22,50,NA,116,0.84,4.67,0.41,1.34,1.9,NA,NA,NA,NA,NA,NA,12.68,NA,16.81
QS,1991-09-24,2.97,23.5,7.28,58,7.06,119,0.24,6.36,NA,1.98,3.3,NA,NA,NA,NA,NA,NA,12.75,NA,3.52
QS,1991-10-01,3.38,22.5,6.96,46.3,2.34,136,NA,4.27,NA,1.2,1.91,NA,NA,NA,NA,NA,NA,9.81,NA,5.95
QS,1991-10-08,2.94,NA,7.04,56.3,2.03,165,1.03,5.24,0.44,1.59,1.76,NA,NA,NA,NA,NA,NA,13.73,NA,2.67
QS,1991-10-15,2.9,22,7.25,56.7,5.37,168,0.61,5.87,0.51,1.66,2.03,NA,NA,NA,NA,NA,NA,13.08,NA,3.07
QS,1991-10-22,2.7,23,7.32,61.8,7.22,166,0.76,5.3,0.54,1.73,1.81,NA,NA,NA,NA,NA,NA,15.68,NA,2.7
QS,1991-10-29,2.32,19.5,7.16,65,2.55,44,0.1,4.88,0.71,1.62,1.54,NA,NA,NA,NA,NA,NA,16.09,NA,1.6
QS,1991-11-05,3.55,20.5,6.67,NA,6.83,133,0.9,6.55,0.53,3.58,5.13,NA,NA,NA,NA,NA,NA,8.85,NA,9.81
QS,1991-11-12,3.34,20,7.41,45.7,6.6,150,NA,4.67,NA,1.36,1.62,NA,NA,2.04,NA,NA,NA,10.99,NA,3.5
QS,1991-11-18,3.02,20.5,6.89,50.5,7.78,103,2,4.98,0.4,1.6,2.18,NA,NA,2.69,NA,NA,NA,13.34,NA,2.32
QS,1991-11-26,3.57,20,7.01,45.8,NA,140,NA,4.47,0.5,1.28,1.23,NA,NA,NA,NA,NA,NA,11.11,NA,3.3
QS,1991-12-03,4.7,20,6.87,44,9.77,291,0.81,4.84,0.43,1.16,1.94,NA,NA,NA,NA,NA,NA,7.21,NA,12.2
QS,1991-12-10,3.66,20,7.32,49,3.71,189,3.24,4.53,0.31,1.22,1.86,NA,NA,NA,NA,NA,NA,11.45,NA,3.94
QS,1991-12-17,3.42,19.5,6.91,46.2,7.49,152,0.79,5.05,0.38,1.58,1.9,NA,NA,NA,NA,NA,NA,12.51,NA,3.77
QS,1991-12-23,3.26,18.5,7.02,51.7,8.36,155,1.57,4.89,0.42,1.56,2.54,NA,NA,NA,NA,NA,NA,10.86,NA,0.98
QS,1991-12-30,3.42,20,7.2,58.6,9.02,155,0.62,5.59,0.47,1.73,2.83,NA,NA,NA,NA,NA,NA,10.73,NA,1.22
QS,1992-01-07,3.6,NA,6.9,51.6,7.85,177,0.77,5.09,0.51,1.48,2.54,NA,5,NA,NA,NA,NA,9.54,NA,1.91
QS,1992-01-14,3.6,21,7.25,51.5,7.75,176,0.65,4.99,0.39,1.43,2.29,NA,5,2.31,NA,NA,NA,9.23,NA,0.96
QS,1992-01-21,3.32,20,7.39,55.2,7.72,142,0.6,5.33,0.33,1.7,2.72,NA,4,2.43,NA,NA,NA,11.85,NA,1.67
QS,1992-01-28,3.4,19.5,7.33,59.4,7.98,135,0.64,5.35,0.38,1.77,2.81,NA,NA,3.35,NA,NA,NA,11.06,NA,2.1
QS,1992-02-04,3.35,19.5,7.24,60,7.45,132,0.9,5.84,0.49,1.81,2.3,NA,7,1.43,NA,NA,NA,12.72,NA,3.1
QS,1992-02-11,3.4,19.5,7.39,55.4,NA,20,1.61,5.29,0.5,1.66,2.15,NA,NA,NA,NA,NA,NA,10.4,NA,3.5
QS,1992-02-18,3.09,20,7.13,NA,NA,107,NA,5.45,0.43,1.79,2.77,NA,NA,NA,NA,NA,NA,14.49,NA,1.51
QS,1992-02-25,3.29,20,7.34,62.01,NA,29,1.75,6.59,NA,1.88,2.79,NA,8,NA,NA,NA,NA,11.64,NA,2.3
QS,1992-03-03,2.85,19.5,7.23,65.7,NA,136,NA,5.6,0.58,1.8,2.78,NA,NA,NA,NA,NA,NA,14.28,NA,1.92
QS,1992-03-10,3.24,20,6.27,58.1,NA,140,NA,5.2,0.66,1.55,2.71,NA,5,NA,NA,NA,NA,13.1,NA,1.43
QS,1992-03-17,3.24,20,6.36,54.3,NA,124,0.61,4.98,0.34,1.59,2.25,NA,NA,NA,NA,NA,NA,13.36,NA,1.6
QS,1992-03-24,NA,NA,NA,NA,NA,NA,NA,5.72,0.42,1.61,2.12,NA,NA,NA,NA,NA,NA,11.14,NA,NA
QS,1992-04-01,3.32,21,6.68,55.8,NA,111,0.71,5.95,0.56,1.69,2.22,NA,NA,NA,NA,NA,NA,12.65,NA,1.86
QS,1992-04-07,3.7,21,6.64,54.5,NA,112,0.88,2.16,NA,0.45,0.76,NA,19,NA,NA,NA,NA,11.57,NA,4.86
QS,1992-04-14,3.58,21,7.09,57.6,NA,49,0.68,5.45,0.33,NA,7.78,NA,NA,NA,NA,NA,NA,NA,NA,2.38
QS,1992-04-21,3.38,22,6.58,56.6,NA,68,0.71,5.82,0.48,1.52,2.13,NA,NA,NA,NA,NA,NA,10.93,NA,1.27
QS,1992-04-28,3.16,22,6.51,61,NA,156,1.37,6.11,0.56,1.78,2.74,NA,NA,NA,NA,NA,NA,13.95,NA,1.77
QS,1992-05-05,3.48,20,5.76,51.4,NA,152,0.74,5.06,0.4,1.46,2.27,NA,NA,NA,NA,NA,NA,12.38,NA,1.41
QS,1992-05-12,3.58,21,6.61,52.5,NA,133,0.68,4.68,0.33,1.31,2.11,NA,NA,NA,NA,NA,NA,11.63,NA,2.2
QS,1992-05-19,3.38,22,6.925,50.9,8.83,147,0.7,5.95,0.53,1.67,2.42,NA,NA,NA,NA,NA,NA,13.33,NA,1.76
QS,1992-05-26,3.7,22,7,39.5,6.98,NA,0.74,5.09,0.4,1.4,2.23,NA,NA,NA,NA,NA,NA,9.46,NA,6.1
QS,1992-06-02,4,22,5.87,41.1,5.82,51,0.64,4.25,0.27,1.2,1.97,NA,NA,NA,NA,NA,NA,7.6,NA,11.57
QS,1992-06-09,3.4,22,6.33,52,6.94,10,0.65,5.05,0.46,1.63,2.54,NA,NA,NA,NA,NA,NA,11.31,NA,3.46
QS,1992-06-16,4.25,22,5.67,38.7,5.41,41,0.58,3.64,0.31,0.96,1.73,NA,NA,NA,NA,NA,NA,5.4,NA,15.9
QS,1992-06-23,4.3,23,6.26,51.1,NA,149,0.77,4.79,0.38,1.58,2.29,NA,NA,NA,NA,NA,NA,12.65,NA,15.15
QS,1992-06-30,3.2,23,6.9,59.4,8.89,147,0.66,6.22,0.54,1.93,3.12,NA,23,NA,NA,NA,NA,13.22,NA,3.27
QS,1992-07-07,2.3,23,6.35,61.8,NA,141,0.79,5.67,0.52,1.8,2.93,NA,NA,NA,NA,NA,NA,15.15,NA,1.28
QS,1992-07-14,3.4,22,7.13,48.3,8.35,100,0.75,5.57,0.41,1.55,2.75,NA,NA,NA,NA,NA,NA,9.52,NA,4.9
QS,1992-07-21,3.5,22,6.83,47.9,8.95,81,0.79,6.6,0.43,1.77,2.95,NA,NA,NA,NA,NA,NA,7.57,NA,5.15
QS,1992-07-28,3.2,22,7.19,47,4.01,95,0.34,2.77,0.25,0.79,1.26,NA,NA,NA,NA,NA,NA,9.32,NA,4
QS,1992-08-04,3.4,23,7.34,55.6,NA,114,NA,4.99,0.41,1.45,2.15,NA,NA,NA,NA,NA,NA,12.47,NA,5.4
QS,1992-08-11,4.1,23,6.92,34.4,4.77,75,0.56,3.74,0.37,1.08,1.56,NA,NA,NA,NA,NA,NA,4.95,NA,14.6
QS,1992-08-18,3.5,23,6.85,53.3,7.25,146,0.55,5.09,0.4,1.56,2.62,NA,NA,NA,NA,NA,NA,11.46,NA,2.58
QS,1992-08-25,2.78,23,6.96,52.7,9.96,110,1.45,6.91,0.71,2.36,5.42,NA,NA,NA,NA,NA,NA,13.34,NA,1.71
QS,1992-09-01,2.95,23,7.09,51.6,7.62,138,0.63,5.21,0.49,1.72,2.83,NA,NA,NA,NA,NA,NA,11.92,NA,2.17
QS,1992-09-08,3.1,22,6.3,55.7,6.6,85,0.52,4.44,0.24,1.38,2.33,NA,NA,NA,NA,NA,NA,8.84,NA,2.87
QS,1992-09-15,2.95,23,6.97,53.2,9.43,63,0.71,6.29,0.52,2.23,2.93,NA,NA,NA,NA,NA,NA,11.18,NA,2.03
QS,1992-09-22,3.4,22,NA,NA,6.57,35,0.51,4.51,0.35,1.4,2.12,NA,NA,NA,NA,NA,NA,10.96,NA,4.28
QS,1992-09-29,3.4,23,NA,52.5,8.13,41,0.53,5.46,0.31,1.95,2.61,NA,5,NA,NA,NA,NA,12.68,NA,2.12
QS,1992-10-06,3,22,6.98,54.9,7.61,105,0.55,5.14,0.48,1.86,2.97,NA,6,NA,NA,NA,NA,14.79,NA,2.51
QS,1992-10-13,2.82,22,7.02,60.5,6.87,157,0.57,4.83,0.41,1.67,2.56,NA,4,NA,NA,NA,NA,13.75,NA,1.77
QS,1992-10-20,3.22,22,6.44,50.2,6.12,150,1.28,5.14,0.47,1.56,2.53,NA,NA,NA,NA,NA,NA,8.88,NA,7.17
QS,1992-10-27,2.4,23,7.25,60.2,3.86,114,0.24,5.33,0.41,1.79,2.46,NA,NA,NA,NA,NA,NA,14.33,NA,2
QS,1992-11-03,3.5,21,6.93,37.6,5.54,98,0.69,4.03,0.59,0.94,1.7,NA,NA,NA,NA,NA,NA,7.14,NA,7.73
QS,1992-11-10,3.6,22,6.74,44.7,6.95,34,0.6,4.53,0.32,1.34,2.02,NA,NA,NA,NA,NA,NA,7.53,NA,5.6
QS,1992-11-17,3.1,21,6.85,44.5,3.13,9,0.27,1.73,0.21,0.61,1.03,NA,NA,NA,NA,NA,NA,8.89,NA,2.06
QS,1992-11-24,3.65,22,6.65,41.5,7.11,24,0.52,4.92,0.27,1.16,1.84,NA,NA,NA,NA,NA,NA,8.88,NA,4.27
QS,1992-12-01,3.55,21,7.25,47.7,6.7,NA,0.53,4.16,0.67,1.17,1.77,NA,NA,NA,NA,NA,NA,8.72,NA,3.6
QS,1992-12-08,3.4,20,7.09,49.5,7.35,16,0.49,4.84,0.27,1.44,2.54,NA,NA,NA,NA,NA,NA,10.2,NA,1.91
QS,1992-12-15,3.5,21,6.6,43.3,5.41,99,0.66,4.57,0.4,1.24,1.97,NA,NA,NA,NA,NA,NA,7.29,NA,6.3
QS,1992-12-22,5,20,6.56,41.7,6.88,NA,0.9,5.47,0.41,1.11,1.92,NA,NA,NA,NA,NA,NA,5.18,NA,11.67
QS,1992-12-29,4.92,20,6.87,45.3,6.86,NA,0.6,4.62,0.41,1.32,1.85,NA,5,NA,NA,NA,NA,8.72,NA,6
